"INFORMATION TYPE","DATE","PERIOD","WEP ($/MWh)","USEP ($/MWh)","AFP ($/MWh)","HEUR ($/MWh)","HLCU ($/MWh)","MEUC ($/MWh)","EMC Price Cap Fees ($/MWh)","EMC Price Adj Fees ($/MWh)","PSO Fees ($/MWh)"
"WEP","03 Sep 2018","1","91.38","90.79","0.03","-0.18","0.00","0.21","0.3016","0.0000","0.2347"
"WEP","03 Sep 2018","2","89.97","89.13","0.02","0.08","0.00","0.21","0.3016","0.0000","0.2347"
"WEP","03 Sep 2018","3","89.92","89.12","0.02","0.03","0.00","0.21","0.3016","0.0000","0.2347"
"WEP","03 Sep 2018","4","89.94","89.22","0.02","-0.05","0.00","0.21","0.3016","0.0000","0.2347"
"WEP","03 Sep 2018","5","89.25","88.60","0.02","-0.12","0.00","0.21","0.3016","0.0000","0.2347"
"WEP","03 Sep 2018","6","88.02","87.28","0.02","-0.03","0.00","0.21","0.3016","0.0000","0.2347"
"WEP","03 Sep 2018","7","87.37","86.58","0.02","0.03","0.00","0.21","0.3016","0.0000","0.2347"
"WEP","03 Sep 2018","8","86.75","86.04","0.00","-0.04","0.00","0.21","0.3016","0.0000","0.2347"
"WEP","03 Sep 2018","9","86.44","85.59","0.00","0.10","0.00","0.21","0.3016","0.0000","0.2347"
"WEP","03 Sep 2018","10","86.29","85.59","0.00","-0.04","0.00","0.21","0.3016","0.0000","0.2347"
"WEP","03 Sep 2018","11","87.16","86.53","0.02","-0.13","0.00","0.21","0.3016","0.0000","0.2347"
"WEP","03 Sep 2018","12","89.36","88.65","0.03","-0.06","0.00","0.21","0.3016","0.0000","0.2347"
"WEP","03 Sep 2018","13","92.37","91.82","0.03","-0.23","0.00","0.21","0.3016","0.0000","0.2347"
"WEP","03 Sep 2018","14","91.40","90.83","0.03","-0.20","0.00","0.21","0.3016","0.0000","0.2347"
"WEP","03 Sep 2018","15","91.49","91.10","0.17","-0.53","0.00","0.21","0.3016","0.0000","0.2347"
"WEP","03 Sep 2018","16","94.53","93.89","0.17","-0.27","0.00","0.21","0.3016","0.0000","0.2347"
"WEP","03 Sep 2018","17","104.50","104.32","0.20","-0.76","0.00","0.21","0.3016","0.0000","0.2347"
"WEP","03 Sep 2018","18","104.96","104.33","0.23","-0.34","0.00","0.21","0.3016","0.0000","0.2347"
"WEP","03 Sep 2018","19","102.71","102.35","0.18","-0.57","0.00","0.21","0.3016","0.0000","0.2347"
"WEP","03 Sep 2018","20","104.72","104.36","0.20","-0.59","0.00","0.21","0.3016","0.0000","0.2347"
"WEP","03 Sep 2018","21","108.60","108.13","0.23","-0.51","0.00","0.21","0.3016","0.0000","0.2347"
"WEP","03 Sep 2018","22","109.72","109.54","0.24","-0.81","0.00","0.21","0.3016","0.0000","0.2347"
"WEP","03 Sep 2018","23","109.90","109.55","0.23","-0.63","0.00","0.21","0.3016","0.0000","0.2347"
"WEP","03 Sep 2018","24","105.05","104.91","0.15","-0.76","0.00","0.21","0.3016","0.0000","0.2347"
"WEP","03 Sep 2018","25","104.62","104.38","0.14","-0.65","0.00","0.21","0.3016","0.0000","0.2347"
"WEP","03 Sep 2018","26","105.19","104.92","0.15","-0.63","0.00","0.21","0.3016","0.0000","0.2347"
"WEP","03 Sep 2018","27","109.13","108.81","0.20","-0.63","0.00","0.21","0.3016","0.0000","0.2347"
"WEP","03 Sep 2018","28","108.98","108.81","0.21","-0.79","0.00","0.21","0.3016","0.0000","0.2347"
"WEP","03 Sep 2018","29","109.65","109.22","0.21","-0.52","0.00","0.21","0.3016","0.0000","0.2347"
"WEP","03 Sep 2018","30","109.60","109.22","0.20","-0.57","0.00","0.21","0.3016","0.0000","0.2347"
"WEP","03 Sep 2018","31","109.48","109.29","0.20","-0.75","0.00","0.21","0.3016","0.0000","0.2347"
"WEP","03 Sep 2018","32","109.71","109.56","0.20","-0.80","0.00","0.21","0.3016","0.0000","0.2347"
"WEP","03 Sep 2018","33","109.73","109.54","0.21","-0.77","0.00","0.21","0.3016","0.0000","0.2347"
"WEP","03 Sep 2018","34","108.54","108.79","0.22","-1.22","0.00","0.21","0.3016","0.0000","0.2347"
"WEP","03 Sep 2018","35","104.15","104.35","0.16","-1.11","0.00","0.21","0.3016","0.0000","0.2347"
"WEP","03 Sep 2018","36","96.00","96.35","0.09","-1.19","0.00","0.21","0.3016","0.0000","0.2347"
"WEP","03 Sep 2018","37","97.72","98.00","0.09","-1.11","0.00","0.21","0.3016","0.0000","0.2347"
"WEP","03 Sep 2018","38","99.66","100.04","0.12","-1.25","0.00","0.21","0.3016","0.0000","0.2347"
"WEP","03 Sep 2018","39","101.79","101.93","0.14","-1.02","0.00","0.21","0.3016","0.0000","0.2347"
"WEP","03 Sep 2018","40","102.52","102.70","0.17","-1.09","0.00","0.21","0.3016","0.0000","0.2347"
"WEP","03 Sep 2018","41","102.14","102.26","0.17","-1.04","0.00","0.21","0.3016","0.0000","0.2347"
"WEP","03 Sep 2018","42","111.62","112.08","0.32","-1.53","0.00","0.21","0.3016","0.0000","0.2347"
"WEP","03 Sep 2018","43","107.77","107.78","0.31","-1.07","0.00","0.21","0.3016","0.0000","0.2347"
"WEP","03 Sep 2018","44","101.57","101.37","0.20","-0.74","0.00","0.21","0.3016","0.0000","0.2347"
"WEP","03 Sep 2018","45","94.39","94.05","0.05","-0.45","0.00","0.21","0.3016","0.0000","0.2347"
"WEP","03 Sep 2018","46","92.61","91.87","0.31","-0.32","0.00","0.21","0.3016","0.0000","0.2347"
"WEP","03 Sep 2018","47","90.93","90.22","0.32","-0.36","0.00","0.21","0.3016","0.0000","0.2347"
"WEP","03 Sep 2018","48","89.62","89.29","0.27","-0.69","0.00","0.21","0.3016","0.0000","0.2347"
"WEP","04 Sep 2018","1","102.43","101.68","0.25","-0.25","0.00","0.21","0.3016","0.0000","0.2350"
"WEP","04 Sep 2018","2","100.57","99.95","0.17","-0.29","0.00","0.21","0.3016","0.0000","0.2350"
"WEP","04 Sep 2018","3","97.82","97.19","0.03","-0.14","0.00","0.21","0.3016","0.0000","0.2350"
"WEP","04 Sep 2018","4","96.18","95.80","0.03","-0.39","0.00","0.21","0.3016","0.0000","0.2350"
"WEP","04 Sep 2018","5","100.29","99.76","0.04","-0.25","0.00","0.21","0.3016","0.0000","0.2350"
"WEP","04 Sep 2018","6","96.59","96.16","0.03","-0.35","0.00","0.21","0.3016","0.0000","0.2350"
"WEP","04 Sep 2018","7","93.16","92.78","0.02","-0.39","0.00","0.21","0.3016","0.0000","0.2350"
"WEP","04 Sep 2018","8","93.24","92.74","0.02","-0.27","0.00","0.21","0.3016","0.0000","0.2350"
"WEP","04 Sep 2018","9","91.81","91.71","0.02","-0.66","0.00","0.21","0.3016","0.0000","0.2350"
"WEP","04 Sep 2018","10","92.95","92.74","0.02","-0.56","0.00","0.21","0.3016","0.0000","0.2350"
"WEP","04 Sep 2018","11","96.23","95.81","0.03","-0.36","0.00","0.21","0.3016","0.0000","0.2350"
"WEP","04 Sep 2018","12","96.67","95.82","0.27","-0.16","0.00","0.21","0.3016","0.0000","0.2350"
"WEP","04 Sep 2018","13","101.49","100.21","0.37","0.17","0.00","0.21","0.3016","0.0000","0.2350"
"WEP","04 Sep 2018","14","103.82","103.31","0.45","-0.69","0.00","0.21","0.3016","0.0000","0.2350"
"WEP","04 Sep 2018","15","93.14","93.12","0.10","-0.83","0.00","0.21","0.3016","0.0000","0.2350"
"WEP","04 Sep 2018","16","102.76","102.61","0.19","-0.78","0.00","0.21","0.3016","0.0000","0.2350"
"WEP","04 Sep 2018","17","122.12","121.03","0.57","-0.23","0.00","0.21","0.3016","0.0000","0.2350"
"WEP","04 Sep 2018","18","119.23","118.33","0.53","-0.38","0.00","0.21","0.3016","0.0000","0.2350"
"WEP","04 Sep 2018","19","113.24","112.70","0.35","-0.55","0.00","0.21","0.3016","0.0000","0.2350"
"WEP","04 Sep 2018","20","113.91","112.76","0.32","0.09","0.00","0.21","0.3016","0.0000","0.2350"
"WEP","04 Sep 2018","21","114.86","114.56","0.29","-0.74","0.00","0.21","0.3016","0.0000","0.2350"
"WEP","04 Sep 2018","22","111.09","111.03","0.20","-0.89","0.00","0.21","0.3016","0.0000","0.2350"
"WEP","04 Sep 2018","23","111.27","111.03","0.19","-0.70","0.00","0.21","0.3016","0.0000","0.2350"
"WEP","04 Sep 2018","24","106.17","106.17","0.14","-0.89","0.00","0.21","0.3016","0.0000","0.2350"
"WEP","04 Sep 2018","25","103.75","103.56","0.13","-0.69","0.00","0.21","0.3016","0.0000","0.2350"
"WEP","04 Sep 2018","26","104.44","104.13","0.14","-0.58","0.00","0.21","0.3016","0.0000","0.2350"
"WEP","04 Sep 2018","27","105.10","104.96","0.14","-0.74","0.00","0.21","0.3016","0.0000","0.2350"
"WEP","04 Sep 2018","28","105.07","104.97","0.14","-0.79","0.00","0.21","0.3016","0.0000","0.2350"
"WEP","04 Sep 2018","29","105.87","105.66","0.14","-0.67","0.00","0.21","0.3016","0.0000","0.2350"
"WEP","04 Sep 2018","30","105.09","104.88","0.14","-0.68","0.00","0.21","0.3016","0.0000","0.2350"
"WEP","04 Sep 2018","31","105.00","104.89","0.14","-0.77","0.00","0.21","0.3016","0.0000","0.2350"
"WEP","04 Sep 2018","32","103.94","103.96","0.14","-0.91","0.00","0.21","0.3016","0.0000","0.2350"
"WEP","04 Sep 2018","33","104.00","103.96","0.14","-0.85","0.00","0.21","0.3016","0.0000","0.2350"
"WEP","04 Sep 2018","34","103.72","103.93","0.15","-1.11","0.00","0.21","0.3016","0.0000","0.2350"
"WEP","04 Sep 2018","35","101.96","102.28","0.12","-1.19","0.00","0.21","0.3016","0.0000","0.2350"
"WEP","04 Sep 2018","36","98.38","98.84","0.10","-1.31","0.00","0.21","0.3016","0.0000","0.2350"
"WEP","04 Sep 2018","37","98.48","98.65","0.10","-1.02","0.00","0.21","0.3016","0.0000","0.2350"
"WEP","04 Sep 2018","38","99.93","100.26","0.12","-1.19","0.00","0.21","0.3016","0.0000","0.2350"
"WEP","04 Sep 2018","39","101.97","102.25","0.13","-1.16","0.00","0.21","0.3016","0.0000","0.2350"
"WEP","04 Sep 2018","40","103.38","103.55","0.16","-1.08","0.00","0.21","0.3016","0.0000","0.2350"
"WEP","04 Sep 2018","41","103.85","103.93","0.16","-0.99","0.00","0.21","0.3016","0.0000","0.2350"
"WEP","04 Sep 2018","42","117.47","117.69","0.43","-1.39","0.00","0.21","0.3016","0.0000","0.2350"
"WEP","04 Sep 2018","43","114.52","114.54","0.38","-1.14","0.00","0.21","0.3016","0.0000","0.2350"
"WEP","04 Sep 2018","44","124.09","123.77","0.55","-0.98","0.00","0.21","0.3016","0.0000","0.2350"
"WEP","04 Sep 2018","45","105.77","104.96","0.26","-0.20","0.00","0.21","0.3016","0.0000","0.2350"
"WEP","04 Sep 2018","46","104.17","103.22","0.24","-0.04","0.00","0.21","0.3016","0.0000","0.2350"
"WEP","04 Sep 2018","47","99.25","98.33","0.17","0.00","0.00","0.21","0.3016","0.0000","0.2350"
"WEP","04 Sep 2018","48","91.31","90.71","0.08","-0.23","0.00","0.21","0.3016","0.0000","0.2350"
"WEP","05 Sep 2018","1","101.51","100.67","0.37","-0.27","0.00","0.21","0.3016","0.0000","0.2347"
"WEP","05 Sep 2018","2","98.96","98.27","0.28","-0.33","0.00","0.21","0.3016","0.0000","0.2347"
"WEP","05 Sep 2018","3","95.17","94.31","0.25","-0.13","0.00","0.21","0.3016","0.0000","0.2347"
"WEP","05 Sep 2018","4","90.65","89.73","0.25","-0.08","0.00","0.21","0.3016","0.0000","0.2347"
"WEP","05 Sep 2018","5","93.32","92.53","0.04","0.01","0.00","0.21","0.3016","0.0000","0.2347"
"WEP","05 Sep 2018","6","90.39","89.71","0.04","-0.10","0.00","0.21","0.3016","0.0000","0.2347"
"WEP","05 Sep 2018","7","89.68","89.08","0.02","-0.17","0.00","0.21","0.3016","0.0000","0.2347"
"WEP","05 Sep 2018","8","89.02","88.69","0.02","-0.44","0.00","0.21","0.3016","0.0000","0.2347"
"WEP","05 Sep 2018","9","89.10","88.68","0.02","-0.34","0.00","0.21","0.3016","0.0000","0.2347"
"WEP","05 Sep 2018","10","89.78","89.19","0.02","-0.18","0.00","0.21","0.3016","0.0000","0.2347"
"WEP","05 Sep 2018","11","90.09","89.73","0.04","-0.43","0.00","0.21","0.3016","0.0000","0.2347"
"WEP","05 Sep 2018","12","91.69","90.80","0.25","-0.11","0.00","0.21","0.3016","0.0000","0.2347"
"WEP","05 Sep 2018","13","93.52","92.81","0.37","-0.41","0.00","0.21","0.3016","0.0000","0.2347"
"WEP","05 Sep 2018","14","98.20","97.85","0.37","-0.77","0.00","0.21","0.3016","0.0000","0.2347"
"WEP","05 Sep 2018","15","94.30","94.85","0.08","-1.38","0.00","0.21","0.3016","0.0000","0.2347"
"WEP","05 Sep 2018","16","99.07","99.47","0.19","-1.33","0.00","0.21","0.3016","0.0000","0.2347"
"WEP","05 Sep 2018","17","108.95","108.68","0.31","-0.79","0.00","0.21","0.3016","0.0000","0.2347"
"WEP","05 Sep 2018","18","109.10","108.68","0.31","-0.64","0.00","0.21","0.3016","0.0000","0.2347"
"WEP","05 Sep 2018","19","106.76","106.56","0.21","-0.76","0.00","0.21","0.3016","0.0000","0.2347"
"WEP","05 Sep 2018","20","106.83","106.86","0.17","-0.94","0.00","0.21","0.3016","0.0000","0.2347"
"WEP","05 Sep 2018","21","111.43","111.66","0.17","-1.15","0.00","0.21","0.3016","0.0000","0.2347"
"WEP","05 Sep 2018","22","108.56","108.59","0.11","-0.88","0.00","0.21","0.3016","0.0000","0.2347"
"WEP","05 Sep 2018","23","103.07","103.60","0.08","-1.35","0.00","0.21","0.3016","0.0000","0.2347"
"WEP","05 Sep 2018","24","103.12","103.71","0.12","-1.46","0.00","0.21","0.3016","0.0000","0.2347"
"WEP","05 Sep 2018","25","103.01","103.59","0.13","-1.45","0.00","0.21","0.3016","0.0000","0.2347"
"WEP","05 Sep 2018","26","103.25","103.59","0.13","-1.22","0.00","0.21","0.3016","0.0000","0.2347"
"WEP","05 Sep 2018","27","105.46","105.71","0.13","-1.12","0.00","0.21","0.3016","0.0000","0.2347"
"WEP","05 Sep 2018","28","107.50","107.78","0.14","-1.17","0.00","0.21","0.3016","0.0000","0.2347"
"WEP","05 Sep 2018","29","107.85","107.77","0.14","-0.81","0.00","0.21","0.3016","0.0000","0.2347"
"WEP","05 Sep 2018","30","103.40","103.60","0.08","-1.03","0.00","0.21","0.3016","0.0000","0.2347"
"WEP","05 Sep 2018","31","104.71","105.21","0.09","-1.33","0.00","0.21","0.3016","0.0000","0.2347"
"WEP","05 Sep 2018","32","104.76","105.19","0.09","-1.26","0.00","0.21","0.3016","0.0000","0.2347"
"WEP","05 Sep 2018","33","103.05","103.60","0.08","-1.37","0.00","0.21","0.3016","0.0000","0.2347"
"WEP","05 Sep 2018","34","101.38","101.98","0.11","-1.46","0.00","0.21","0.3016","0.0000","0.2347"
"WEP","05 Sep 2018","35","94.56","94.88","0.06","-1.12","0.00","0.21","0.3016","0.0000","0.2347"
"WEP","05 Sep 2018","36","93.59","93.86","0.21","-1.23","0.00","0.21","0.3016","0.0000","0.2347"
"WEP","05 Sep 2018","37","94.18","93.90","0.45","-0.92","0.00","0.21","0.3016","0.0000","0.2347"
"WEP","05 Sep 2018","38","95.37","95.15","0.40","-0.93","0.00","0.21","0.3016","0.0000","0.2347"
"WEP","05 Sep 2018","39","96.07","95.30","0.40","-0.38","0.00","0.21","0.3016","0.0000","0.2347"
"WEP","05 Sep 2018","40","95.54","95.32","0.32","-0.85","0.00","0.21","0.3016","0.0000","0.2347"
"WEP","05 Sep 2018","41","94.91","94.59","0.40","-0.82","0.00","0.21","0.3016","0.0000","0.2347"
"WEP","05 Sep 2018","42","107.53","107.90","0.16","-1.28","0.00","0.21","0.3016","0.0000","0.2347"
"WEP","05 Sep 2018","43","105.78","105.71","0.16","-0.84","0.00","0.21","0.3016","0.0000","0.2347"
"WEP","05 Sep 2018","44","103.28","103.30","0.14","-0.91","0.00","0.21","0.3016","0.0000","0.2347"
"WEP","05 Sep 2018","45","99.07","98.19","0.31","-0.18","0.00","0.21","0.3016","0.0000","0.2347"
"WEP","05 Sep 2018","46","94.45","93.87","0.27","-0.43","0.00","0.21","0.3016","0.0000","0.2347"
"WEP","05 Sep 2018","47","94.56","93.89","0.28","-0.35","0.00","0.21","0.3016","0.0000","0.2347"
"WEP","05 Sep 2018","48","91.00","90.32","0.25","-0.31","0.00","0.21","0.3016","0.0000","0.2347"
"WEP","06 Sep 2018","1","96.63","95.80","0.23","-0.15","0.00","0.21","0.3016","0.0000","0.2317"
"WEP","06 Sep 2018","2","93.60","92.89","0.12","-0.15","0.00","0.21","0.3016","0.0000","0.2317"
"WEP","06 Sep 2018","3","92.32","91.88","0.03","-0.34","0.00","0.21","0.3016","0.0000","0.2317"
"WEP","06 Sep 2018","4","91.21","90.76","0.03","-0.33","0.00","0.21","0.3016","0.0000","0.2317"
"WEP","06 Sep 2018","5","93.29","92.77","0.04","-0.26","0.00","0.21","0.3016","0.0000","0.2317"
"WEP","06 Sep 2018","6","92.24","91.86","0.03","-0.39","0.00","0.21","0.3016","0.0000","0.2317"
"WEP","06 Sep 2018","7","91.71","91.22","0.03","-0.28","0.00","0.21","0.3016","0.0000","0.2317"
"WEP","06 Sep 2018","8","90.20","89.68","0.02","-0.24","0.00","0.21","0.3016","0.0000","0.2317"
"WEP","06 Sep 2018","9","90.26","89.67","0.02","-0.17","0.00","0.21","0.3016","0.0000","0.2317"
"WEP","06 Sep 2018","10","91.73","91.22","0.02","-0.25","0.00","0.21","0.3016","0.0000","0.2317"
"WEP","06 Sep 2018","11","93.19","92.76","0.03","-0.34","0.00","0.21","0.3016","0.0000","0.2317"
"WEP","06 Sep 2018","12","92.67","91.90","0.27","-0.24","0.00","0.21","0.3016","0.0000","0.2317"
"WEP","06 Sep 2018","13","96.56","95.82","0.46","-0.46","0.00","0.21","0.3016","0.0000","0.2317"
"WEP","06 Sep 2018","14","100.35","100.17","0.46","-1.02","0.00","0.21","0.3016","0.0000","0.2317"
"WEP","06 Sep 2018","15","92.11","91.91","0.17","-0.72","0.00","0.21","0.3016","0.0000","0.2317"
"WEP","06 Sep 2018","16","100.55","100.53","0.23","-0.95","0.00","0.21","0.3016","0.0000","0.2317"
"WEP","06 Sep 2018","17","114.28","113.96","0.35","-0.77","0.00","0.21","0.3016","0.0000","0.2317"
"WEP","06 Sep 2018","18","107.16","106.71","0.28","-0.57","0.00","0.21","0.3016","0.0000","0.2317"
"WEP","06 Sep 2018","19","103.77","103.64","0.21","-0.83","0.00","0.21","0.3016","0.0000","0.2317"
"WEP","06 Sep 2018","20","104.13","104.28","0.16","-1.05","0.00","0.21","0.3016","0.0000","0.2317"
"WEP","06 Sep 2018","21","107.66","107.67","0.19","-0.94","0.00","0.21","0.3016","0.0000","0.2317"
"WEP","06 Sep 2018","22","112.14","112.51","0.17","-1.29","0.00","0.21","0.3016","0.0000","0.2317"
"WEP","06 Sep 2018","23","108.36","108.60","0.17","-1.15","0.00","0.21","0.3016","0.0000","0.2317"
"WEP","06 Sep 2018","24","104.74","105.22","0.13","-1.35","0.00","0.21","0.3016","0.0000","0.2317"
"WEP","06 Sep 2018","25","103.40","103.77","0.14","-1.25","0.00","0.21","0.3016","0.0000","0.2317"
"WEP","06 Sep 2018","26","104.46","104.72","0.14","-1.14","0.00","0.21","0.3016","0.0000","0.2317"
"WEP","06 Sep 2018","27","106.93","107.43","0.15","-1.39","0.00","0.21","0.3016","0.0000","0.2317"
"WEP","06 Sep 2018","28","108.10","108.60","0.17","-1.42","0.00","0.21","0.3016","0.0000","0.2317"
"WEP","06 Sep 2018","29","111.48","112.11","0.17","-1.54","0.00","0.21","0.3016","0.0000","0.2317"
"WEP","06 Sep 2018","30","108.09","108.60","0.16","-1.42","0.00","0.21","0.3016","0.0000","0.2317"
"WEP","06 Sep 2018","31","107.97","108.60","0.16","-1.53","0.00","0.21","0.3016","0.0000","0.2317"
"WEP","06 Sep 2018","32","108.02","108.60","0.16","-1.48","0.00","0.21","0.3016","0.0000","0.2317"
"WEP","06 Sep 2018","33","111.40","112.12","0.17","-1.64","0.00","0.21","0.3016","0.0000","0.2317"
"WEP","06 Sep 2018","34","107.70","108.44","0.18","-1.66","0.00","0.21","0.3016","0.0000","0.2317"
"WEP","06 Sep 2018","35","104.34","105.22","0.15","-1.78","0.00","0.21","0.3016","0.0000","0.2317"
"WEP","06 Sep 2018","36","101.75","102.75","0.15","-1.89","0.00","0.21","0.3016","0.0000","0.2317"
"WEP","06 Sep 2018","37","101.37","101.97","0.13","-1.47","0.00","0.21","0.3016","0.0000","0.2317"
"WEP","06 Sep 2018","38","102.10","102.74","0.14","-1.52","0.00","0.21","0.3016","0.0000","0.2317"
"WEP","06 Sep 2018","39","103.95","104.31","0.17","-1.27","0.00","0.21","0.3016","0.0000","0.2317"
"WEP","06 Sep 2018","40","104.60","104.84","0.17","-1.15","0.00","0.21","0.3016","0.0000","0.2317"
"WEP","06 Sep 2018","41","103.88","104.15","0.16","-1.18","0.00","0.21","0.3016","0.0000","0.2317"
"WEP","06 Sep 2018","42","112.69","113.39","0.31","-1.75","0.00","0.21","0.3016","0.0000","0.2317"
"WEP","06 Sep 2018","43","107.09","107.19","0.22","-1.06","0.00","0.21","0.3016","0.0000","0.2317"
"WEP","06 Sep 2018","44","103.31","103.21","0.18","-0.82","0.00","0.21","0.3016","0.0000","0.2317"
"WEP","06 Sep 2018","45","102.91","102.59","0.21","-0.63","0.00","0.21","0.3016","0.0000","0.2317"
"WEP","06 Sep 2018","46","95.38","94.86","0.32","-0.54","0.00","0.21","0.3016","0.0000","0.2317"
"WEP","06 Sep 2018","47","96.64","96.16","0.27","-0.53","0.00","0.21","0.3016","0.0000","0.2317"
"WEP","06 Sep 2018","48","92.25","91.86","0.30","-0.65","0.00","0.21","0.3016","0.0000","0.2317"
"WEP","07 Sep 2018","1","102.92","102.27","0.23","-0.33","0.00","0.21","0.3016","0.0000","0.2327"
"WEP","07 Sep 2018","2","100.85","100.42","0.12","-0.43","0.00","0.21","0.3016","0.0000","0.2327"
"WEP","07 Sep 2018","3","98.41","97.80","0.03","-0.16","0.00","0.21","0.3016","0.0000","0.2327"
"WEP","07 Sep 2018","4","96.37","95.77","0.02","-0.17","0.00","0.21","0.3016","0.0000","0.2327"
"WEP","07 Sep 2018","5","100.62","100.16","0.04","-0.32","0.00","0.21","0.3016","0.0000","0.2327"
"WEP","07 Sep 2018","6","100.28","99.80","0.03","-0.29","0.00","0.21","0.3016","0.0000","0.2327"
"WEP","07 Sep 2018","7","95.58","95.13","0.03","-0.32","0.00","0.21","0.3016","0.0000","0.2327"
"WEP","07 Sep 2018","8","95.07","94.64","0.02","-0.34","0.00","0.21","0.3016","0.0000","0.2327"
"WEP","07 Sep 2018","9","95.09","94.64","0.02","-0.31","0.00","0.21","0.3016","0.0000","0.2327"
"WEP","07 Sep 2018","10","95.56","95.14","0.02","-0.35","0.00","0.21","0.3016","0.0000","0.2327"
"WEP","07 Sep 2018","11","99.63","99.24","0.03","-0.39","0.00","0.21","0.3016","0.0000","0.2327"
"WEP","07 Sep 2018","12","96.26","95.69","0.27","-0.44","0.00","0.21","0.3016","0.0000","0.2327"
"WEP","07 Sep 2018","13","100.71","100.18","0.45","-0.67","0.00","0.21","0.3016","0.0000","0.2327"
"WEP","07 Sep 2018","14","102.41","102.21","0.45","-0.99","0.00","0.21","0.3016","0.0000","0.2327"
"WEP","07 Sep 2018","15","93.39","93.40","0.17","-0.92","0.00","0.21","0.3016","0.0000","0.2327"
"WEP","07 Sep 2018","16","102.44","102.58","0.19","-1.07","0.00","0.21","0.3016","0.0000","0.2327"
"WEP","07 Sep 2018","17","117.21","117.69","0.36","-1.58","0.00","0.21","0.3016","0.0000","0.2327"
"WEP","07 Sep 2018","18","113.69","113.89","0.39","-1.33","0.00","0.21","0.3016","0.0000","0.2327"
"WEP","07 Sep 2018","19","108.30","108.83","0.21","-1.48","0.00","0.21","0.3016","0.0000","0.2327"
"WEP","07 Sep 2018","20","114.42","114.59","0.23","-1.15","0.00","0.21","0.3016","0.0000","0.2327"
"WEP","07 Sep 2018","21","118.05","118.18","0.25","-1.13","0.00","0.21","0.3016","0.0000","0.2327"
"WEP","07 Sep 2018","22","118.52","118.68","0.21","-1.11","0.00","0.21","0.3016","0.0000","0.2327"
"WEP","07 Sep 2018","23","118.18","118.46","0.21","-1.24","0.00","0.21","0.3016","0.0000","0.2327"
"WEP","07 Sep 2018","24","112.29","112.35","0.20","-1.01","0.00","0.21","0.3016","0.0000","0.2327"
"WEP","07 Sep 2018","25","108.22","108.37","0.18","-1.07","0.00","0.21","0.3016","0.0000","0.2327"
"WEP","07 Sep 2018","26","107.58","107.87","0.17","-1.20","0.00","0.21","0.3016","0.0000","0.2327"
"WEP","07 Sep 2018","27","111.36","111.84","0.20","-1.43","0.00","0.21","0.3016","0.0000","0.2327"
"WEP","07 Sep 2018","28","112.32","112.57","0.21","-1.21","0.00","0.21","0.3016","0.0000","0.2327"
"WEP","07 Sep 2018","29","112.76","112.57","0.21","-0.77","0.00","0.21","0.3016","0.0000","0.2327"
"WEP","07 Sep 2018","30","110.93","110.81","0.20","-0.83","0.00","0.21","0.3016","0.0000","0.2327"
"WEP","07 Sep 2018","31","107.53","107.46","0.18","-0.85","0.00","0.21","0.3016","0.0000","0.2327"
"WEP","07 Sep 2018","32","107.45","107.46","0.17","-0.92","0.00","0.21","0.3016","0.0000","0.2327"
"WEP","07 Sep 2018","33","104.29","104.38","0.12","-0.95","0.00","0.21","0.3016","0.0000","0.2327"
"WEP","07 Sep 2018","34","103.41","103.74","0.14","-1.22","0.00","0.21","0.3016","0.0000","0.2327"
"WEP","07 Sep 2018","35","102.79","103.21","0.14","-1.31","0.00","0.21","0.3016","0.0000","0.2327"
"WEP","07 Sep 2018","36","100.57","101.03","0.26","-1.46","0.00","0.21","0.3016","0.0000","0.2327"
"WEP","07 Sep 2018","37","99.63","99.84","0.21","-1.17","0.00","0.21","0.3016","0.0000","0.2327"
"WEP","07 Sep 2018","38","100.74","100.84","0.21","-1.05","0.00","0.21","0.3016","0.0000","0.2327"
"WEP","07 Sep 2018","39","99.97","99.86","0.29","-0.92","0.00","0.21","0.3016","0.0000","0.2327"
"WEP","07 Sep 2018","40","99.03","98.86","0.41","-0.99","0.00","0.21","0.3016","0.0000","0.2327"
"WEP","07 Sep 2018","41","95.57","95.45","0.41","-1.04","0.00","0.21","0.3016","0.0000","0.2327"
"WEP","07 Sep 2018","42","112.26","112.73","0.40","-1.61","0.00","0.21","0.3016","0.0000","0.2327"
"WEP","07 Sep 2018","43","107.70","107.66","0.41","-1.11","0.00","0.21","0.3016","0.0000","0.2327"
"WEP","07 Sep 2018","44","118.56","118.24","0.98","-1.41","0.00","0.21","0.3016","0.0000","0.2327"
"WEP","07 Sep 2018","45","104.35","102.97","1.04","-0.41","0.00","0.21","0.3016","0.0000","0.2327"
"WEP","07 Sep 2018","46","96.53","94.86","1.15","-0.22","0.00","0.21","0.3016","0.0000","0.2327"
"WEP","07 Sep 2018","47","97.27","95.27","1.17","0.08","0.00","0.21","0.3016","0.0000","0.2327"
"WEP","07 Sep 2018","48","93.79","92.77","0.51","-0.24","0.00","0.21","0.3016","0.0000","0.2327"
"WEP","08 Sep 2018","1","106.12","105.72","0.04","-0.41","0.00","0.21","0.3016","0.0000","0.2534"
"WEP","08 Sep 2018","2","102.39","102.23","0.02","-0.63","0.00","0.21","0.3016","0.0000","0.2534"
"WEP","08 Sep 2018","3","102.66","102.26","0.02","-0.39","0.00","0.21","0.3016","0.0000","0.2534"
"WEP","08 Sep 2018","4","100.58","100.28","0.02","-0.48","0.00","0.21","0.3016","0.0000","0.2534"
"WEP","08 Sep 2018","5","99.80","99.53","0.21","-0.70","0.00","0.21","0.3016","0.0000","0.2534"
"WEP","08 Sep 2018","6","97.72","97.61","0.17","-0.82","0.00","0.21","0.3016","0.0000","0.2534"
"WEP","08 Sep 2018","7","96.13","95.66","0.14","-0.43","0.00","0.21","0.3016","0.0000","0.2534"
"WEP","08 Sep 2018","8","96.05","95.30","0.14","-0.15","0.00","0.21","0.3016","0.0000","0.2534"
"WEP","08 Sep 2018","9","95.18","94.41","0.14","-0.13","0.00","0.21","0.3016","0.0000","0.2534"
"WEP","08 Sep 2018","10","95.06","94.41","0.12","-0.24","0.00","0.21","0.3016","0.0000","0.2534"
"WEP","08 Sep 2018","11","95.92","95.29","0.14","-0.28","0.00","0.21","0.3016","0.0000","0.2534"
"WEP","08 Sep 2018","12","96.29","95.67","0.28","-0.42","0.00","0.21","0.3016","0.0000","0.2534"
"WEP","08 Sep 2018","13","98.19","97.63","0.19","-0.40","0.00","0.21","0.3016","0.0000","0.2534"
"WEP","08 Sep 2018","14","99.59","98.87","0.20","-0.24","0.00","0.21","0.3016","0.0000","0.2534"
"WEP","08 Sep 2018","15","106.44","105.71","0.32","-0.35","0.00","0.21","0.3016","0.0000","0.2534"
"WEP","08 Sep 2018","16","110.50","109.95","0.35","-0.56","0.00","0.21","0.3016","0.0000","0.2534"
"WEP","08 Sep 2018","17","117.85","117.47","0.34","-0.73","0.00","0.21","0.3016","0.0000","0.2534"
"WEP","08 Sep 2018","18","113.36","110.99","1.89","-0.29","0.00","0.21","0.3016","0.0000","0.2534"
"WEP","08 Sep 2018","19","121.11","118.54","1.73","0.07","0.00","0.21","0.3016","0.0000","0.2534"
"WEP","08 Sep 2018","20","124.05","122.66","1.21","-0.58","0.00","0.21","0.3016","0.0000","0.2534"
"WEP","08 Sep 2018","21","125.17","124.10","1.07","-0.76","0.00","0.21","0.3016","0.0000","0.2534"
"WEP","08 Sep 2018","22","124.69","124.11","0.80","-0.99","0.00","0.21","0.3016","0.0000","0.2534"
"WEP","08 Sep 2018","23","124.69","123.70","0.93","-0.71","0.00","0.21","0.3016","0.0000","0.2534"
"WEP","08 Sep 2018","24","122.31","122.17","0.62","-1.25","0.00","0.21","0.3016","0.0000","0.2534"
"WEP","08 Sep 2018","25","117.69","117.60","0.63","-1.30","0.00","0.21","0.3016","0.0000","0.2534"
"WEP","08 Sep 2018","26","117.57","117.59","0.63","-1.41","0.00","0.21","0.3016","0.0000","0.2534"
"WEP","08 Sep 2018","27","117.92","117.58","0.62","-1.04","0.00","0.21","0.3016","0.0000","0.2534"
"WEP","08 Sep 2018","28","118.73","118.46","0.64","-1.13","0.00","0.21","0.3016","0.0000","0.2534"
"WEP","08 Sep 2018","29","117.89","117.58","0.64","-1.10","0.00","0.21","0.3016","0.0000","0.2534"
"WEP","08 Sep 2018","30","114.76","114.43","0.64","-1.07","0.00","0.21","0.3016","0.0000","0.2534"
"WEP","08 Sep 2018","31","114.83","114.43","0.63","-1.00","0.00","0.21","0.3016","0.0000","0.2534"
"WEP","08 Sep 2018","32","111.33","111.06","0.64","-1.13","0.00","0.21","0.3016","0.0000","0.2534"
"WEP","08 Sep 2018","33","110.35","110.12","0.69","-1.23","0.00","0.21","0.3016","0.0000","0.2534"
"WEP","08 Sep 2018","34","108.35","108.35","0.73","-1.49","0.00","0.21","0.3016","0.0000","0.2534"
"WEP","08 Sep 2018","35","106.52","105.98","1.12","-1.35","0.00","0.21","0.3016","0.0000","0.2534"
"WEP","08 Sep 2018","36","110.17","108.83","1.76","-1.18","0.00","0.21","0.3016","0.0000","0.2534"
"WEP","08 Sep 2018","37","112.12","110.97","1.62","-1.24","0.00","0.21","0.3016","0.0000","0.2534"
"WEP","08 Sep 2018","38","111.84","111.00","1.30","-1.22","0.00","0.21","0.3016","0.0000","0.2534"
"WEP","08 Sep 2018","39","119.38","118.47","1.44","-1.30","0.00","0.21","0.3016","0.0000","0.2534"
"WEP","08 Sep 2018","40","121.97","121.16","1.12","-1.07","0.00","0.21","0.3016","0.0000","0.2534"
"WEP","08 Sep 2018","41","119.18","118.49","1.11","-1.18","0.00","0.21","0.3016","0.0000","0.2534"
"WEP","08 Sep 2018","42","118.86","118.49","0.91","-1.30","0.00","0.21","0.3016","0.0000","0.2534"
"WEP","08 Sep 2018","43","118.98","118.49","0.92","-1.19","0.00","0.21","0.3016","0.0000","0.2534"
"WEP","08 Sep 2018","44","118.97","118.49","0.84","-1.13","0.00","0.21","0.3016","0.0000","0.2534"
"WEP","08 Sep 2018","45","112.04","111.05","0.88","-0.66","0.00","0.21","0.3016","0.0000","0.2534"
"WEP","08 Sep 2018","46","112.16","110.97","0.70","-0.27","0.00","0.21","0.3016","0.0000","0.2534"
"WEP","08 Sep 2018","47","111.19","110.03","0.71","-0.32","0.00","0.21","0.3016","0.0000","0.2534"
"WEP","08 Sep 2018","48","115.62","114.97","0.70","-0.82","0.00","0.21","0.3016","0.0000","0.2534"
"WEP","09 Sep 2018","1","120.07","118.57","0.39","0.33","0.00","0.21","0.3016","0.0000","0.2604"
"WEP","09 Sep 2018","2","116.10","114.99","0.22","0.12","0.00","0.21","0.3016","0.0000","0.2604"
"WEP","09 Sep 2018","3","116.05","114.95","0.17","0.16","0.00","0.21","0.3016","0.0000","0.2604"
"WEP","09 Sep 2018","4","111.64","110.81","0.14","-0.08","0.00","0.21","0.3016","0.0000","0.2604"
"WEP","09 Sep 2018","5","107.82","106.77","0.22","0.06","0.00","0.21","0.3016","0.0000","0.2604"
"WEP","09 Sep 2018","6","106.95","105.66","0.21","0.31","0.00","0.21","0.3016","0.0000","0.2604"
"WEP","09 Sep 2018","7","105.14","104.14","0.21","0.02","0.00","0.21","0.3016","0.0000","0.2604"
"WEP","09 Sep 2018","8","103.76","102.84","0.21","-0.06","0.00","0.21","0.3016","0.0000","0.2604"
"WEP","09 Sep 2018","9","102.76","101.87","0.21","-0.09","0.00","0.21","0.3016","0.0000","0.2604"
"WEP","09 Sep 2018","10","102.16","101.17","0.17","0.05","0.00","0.21","0.3016","0.0000","0.2604"
"WEP","09 Sep 2018","11","103.87","102.83","0.22","0.05","0.00","0.21","0.3016","0.0000","0.2604"
"WEP","09 Sep 2018","12","105.26","104.13","0.45","-0.09","0.00","0.21","0.3016","0.0000","0.2604"
"WEP","09 Sep 2018","13","106.40","105.10","0.86","-0.33","0.00","0.21","0.3016","0.0000","0.2604"
"WEP","09 Sep 2018","14","107.17","106.14","0.87","-0.61","0.00","0.21","0.3016","0.0000","0.2604"
"WEP","09 Sep 2018","15","105.25","104.12","1.64","-1.28","0.00","0.21","0.3016","0.0000","0.2604"
"WEP","09 Sep 2018","16","112.10","110.26","1.89","-0.83","0.00","0.21","0.3016","0.0000","0.2604"
"WEP","09 Sep 2018","17","118.98","117.46","1.87","-1.12","0.00","0.21","0.3016","0.0000","0.2604"
"WEP","09 Sep 2018","18","120.87","119.79","1.83","-1.53","0.00","0.21","0.3016","0.0000","0.2604"
"WEP","09 Sep 2018","19","122.51","121.78","1.44","-1.49","0.00","0.21","0.3016","0.0000","0.2604"
"WEP","09 Sep 2018","20","123.01","122.63","0.94","-1.34","0.00","0.21","0.3016","0.0000","0.2604"
"WEP","09 Sep 2018","21","118.24","118.52","0.89","-1.94","0.00","0.21","0.3016","0.0000","0.2604"
"WEP","09 Sep 2018","22","108.63","108.58","0.68","-1.40","0.00","0.21","0.3016","0.0000","0.2604"
"WEP","09 Sep 2018","23","111.40","111.16","0.68","-1.22","0.00","0.21","0.3016","0.0000","0.2604"
"WEP","09 Sep 2018","24","109.26","109.01","0.41","-0.93","0.00","0.21","0.3016","0.0000","0.2604"
"WEP","09 Sep 2018","25","106.46","106.00","0.42","-0.73","0.00","0.21","0.3016","0.0000","0.2604"
"WEP","09 Sep 2018","26","106.44","106.00","0.41","-0.74","0.00","0.21","0.3016","0.0000","0.2604"
"WEP","09 Sep 2018","27","106.51","106.00","0.41","-0.67","0.00","0.21","0.3016","0.0000","0.2604"
"WEP","09 Sep 2018","28","106.77","106.57","0.42","-0.99","0.00","0.21","0.3016","0.0000","0.2604"
"WEP","09 Sep 2018","29","106.52","106.00","0.42","-0.67","0.00","0.21","0.3016","0.0000","0.2604"
"WEP","09 Sep 2018","30","106.59","105.99","0.42","-0.59","0.00","0.21","0.3016","0.0000","0.2604"
"WEP","09 Sep 2018","31","105.50","105.27","0.41","-0.95","0.00","0.21","0.3016","0.0000","0.2604"
"WEP","09 Sep 2018","32","102.19","102.04","0.41","-1.03","0.00","0.21","0.3016","0.0000","0.2604"
"WEP","09 Sep 2018","33","105.61","105.04","0.68","-0.88","0.00","0.21","0.3016","0.0000","0.2604"
"WEP","09 Sep 2018","34","105.74","105.29","0.75","-1.07","0.00","0.21","0.3016","0.0000","0.2604"
"WEP","09 Sep 2018","35","105.68","105.19","0.92","-1.20","0.00","0.21","0.3016","0.0000","0.2604"
"WEP","09 Sep 2018","36","106.63","105.30","1.67","-1.11","0.00","0.21","0.3016","0.0000","0.2604"
"WEP","09 Sep 2018","37","112.78","111.17","1.66","-0.82","0.00","0.21","0.3016","0.0000","0.2604"
"WEP","09 Sep 2018","38","119.74","118.51","1.33","-0.87","0.00","0.21","0.3016","0.0000","0.2604"
"WEP","09 Sep 2018","39","123.78","122.83","1.29","-1.11","0.00","0.21","0.3016","0.0000","0.2604"
"WEP","09 Sep 2018","40","124.36","123.85","0.89","-1.16","0.00","0.21","0.3016","0.0000","0.2604"
"WEP","09 Sep 2018","41","124.22","124.14","0.88","-1.57","0.00","0.21","0.3016","0.0000","0.2604"
"WEP","09 Sep 2018","42","125.06","124.80","0.85","-1.36","0.00","0.21","0.3016","0.0000","0.2604"
"WEP","09 Sep 2018","43","125.40","124.66","0.86","-0.89","0.00","0.21","0.3016","0.0000","0.2604"
"WEP","09 Sep 2018","44","124.67","124.16","0.84","-1.11","0.00","0.21","0.3016","0.0000","0.2604"
"WEP","09 Sep 2018","45","120.08","118.81","0.89","-0.39","0.00","0.21","0.3016","0.0000","0.2604"
"WEP","09 Sep 2018","46","119.83","118.55","0.70","-0.19","0.00","0.21","0.3016","0.0000","0.2604"
"WEP","09 Sep 2018","47","122.11","121.11","0.71","-0.48","0.00","0.21","0.3016","0.0000","0.2604"
"WEP","09 Sep 2018","48","118.55","117.61","0.44","-0.27","0.00","0.21","0.3016","0.0000","0.2604"
"WEP","10 Sep 2018","1","109.76","108.58","0.29","0.15","0.00","0.21","0.3016","0.0000","0.2333"
"WEP","10 Sep 2018","2","106.02","105.10","0.24","-0.06","0.00","0.21","0.3016","0.0000","0.2333"
"WEP","10 Sep 2018","3","101.63","100.54","0.21","0.13","0.00","0.21","0.3016","0.0000","0.2333"
"WEP","10 Sep 2018","4","100.87","100.15","0.17","-0.20","0.00","0.21","0.3016","0.0000","0.2333"
"WEP","10 Sep 2018","5","100.89","100.03","0.22","-0.10","0.00","0.21","0.3016","0.0000","0.2333"
"WEP","10 Sep 2018","6","98.66","97.84","0.21","-0.13","0.00","0.21","0.3016","0.0000","0.2333"
"WEP","10 Sep 2018","7","97.30","96.65","0.17","-0.27","0.00","0.21","0.3016","0.0000","0.2333"
"WEP","10 Sep 2018","8","96.82","96.12","0.17","-0.21","0.00","0.21","0.3016","0.0000","0.2333"
"WEP","10 Sep 2018","9","96.90","96.12","0.17","-0.14","0.00","0.21","0.3016","0.0000","0.2333"
"WEP","10 Sep 2018","10","94.71","93.88","0.12","-0.04","0.00","0.21","0.3016","0.0000","0.2333"
"WEP","10 Sep 2018","11","96.71","96.14","0.17","-0.34","0.00","0.21","0.3016","0.0000","0.2333"
"WEP","10 Sep 2018","12","98.17","97.69","0.04","-0.30","0.00","0.21","0.3016","0.0000","0.2333"
"WEP","10 Sep 2018","13","103.45","103.26","0.27","-0.82","0.00","0.21","0.3016","0.0000","0.2333"
"WEP","10 Sep 2018","14","109.23","109.28","0.27","-1.06","0.00","0.21","0.3016","0.0000","0.2333"
"WEP","10 Sep 2018","15","93.79","93.87","0.32","-1.14","0.00","0.21","0.3016","0.0000","0.2333"
"WEP","10 Sep 2018","16","101.30","100.63","0.34","-0.41","0.00","0.21","0.3016","0.0000","0.2333"
"WEP","10 Sep 2018","17","115.14","114.54","0.33","-0.47","0.00","0.21","0.3016","0.0000","0.2333"
"WEP","10 Sep 2018","18","115.47","114.51","0.85","-0.64","0.00","0.21","0.3016","0.0000","0.2333"
"WEP","10 Sep 2018","19","111.32","110.78","0.25","-0.45","0.00","0.21","0.3016","0.0000","0.2333"
"WEP","10 Sep 2018","20","112.10","111.81","0.24","-0.70","0.00","0.21","0.3016","0.0000","0.2333"
"WEP","10 Sep 2018","21","107.98","108.75","0.20","-1.71","0.00","0.21","0.3016","0.0000","0.2333"
"WEP","10 Sep 2018","22","111.86","112.59","0.23","-1.71","0.00","0.21","0.3016","0.0000","0.2333"
"WEP","10 Sep 2018","23","112.72","113.61","0.23","-1.86","0.00","0.21","0.3016","0.0000","0.2333"
"WEP","10 Sep 2018","24","111.49","112.30","0.22","-1.77","0.00","0.21","0.3016","0.0000","0.2333"
"WEP","10 Sep 2018","25","109.66","110.23","0.19","-1.50","0.00","0.21","0.3016","0.0000","0.2333"
"WEP","10 Sep 2018","26","110.69","111.25","0.20","-1.50","0.00","0.21","0.3016","0.0000","0.2333"
"WEP","10 Sep 2018","27","112.42","113.41","0.22","-1.96","0.00","0.21","0.3016","0.0000","0.2333"
"WEP","10 Sep 2018","28","112.91","113.61","0.22","-1.67","0.00","0.21","0.3016","0.0000","0.2333"
"WEP","10 Sep 2018","29","113.89","114.57","0.22","-1.64","0.00","0.21","0.3016","0.0000","0.2333"
"WEP","10 Sep 2018","30","112.01","113.11","0.22","-2.06","0.00","0.21","0.3016","0.0000","0.2333"
"WEP","10 Sep 2018","31","112.17","112.89","0.21","-1.68","0.00","0.21","0.3016","0.0000","0.2333"
"WEP","10 Sep 2018","32","112.72","112.89","0.21","-1.13","0.00","0.21","0.3016","0.0000","0.2333"
"WEP","10 Sep 2018","33","112.41","112.28","0.21","-0.83","0.00","0.21","0.3016","0.0000","0.2333"
"WEP","10 Sep 2018","34","107.53","107.82","0.18","-1.21","0.00","0.21","0.3016","0.0000","0.2333"
"WEP","10 Sep 2018","35","103.13","103.68","0.15","-1.45","0.00","0.21","0.3016","0.0000","0.2333"
"WEP","10 Sep 2018","36","102.70","103.55","0.25","-1.85","0.00","0.21","0.3016","0.0000","0.2333"
"WEP","10 Sep 2018","37","103.09","103.35","0.26","-1.26","0.00","0.21","0.3016","0.0000","0.2333"
"WEP","10 Sep 2018","38","103.20","103.56","0.26","-1.36","0.00","0.21","0.3016","0.0000","0.2333"
"WEP","10 Sep 2018","39","103.93","103.57","0.60","-0.98","0.00","0.21","0.3016","0.0000","0.2333"
"WEP","10 Sep 2018","40","103.19","103.53","0.18","-1.26","0.00","0.21","0.3016","0.0000","0.2333"
"WEP","10 Sep 2018","41","102.93","103.40","0.18","-1.39","0.00","0.21","0.3016","0.0000","0.2333"
"WEP","10 Sep 2018","42","110.48","111.13","0.31","-1.71","0.00","0.21","0.3016","0.0000","0.2333"
"WEP","10 Sep 2018","43","107.81","108.04","0.27","-1.24","0.00","0.21","0.3016","0.0000","0.2333"
"WEP","10 Sep 2018","44","102.66","102.83","0.16","-1.08","0.00","0.21","0.3016","0.0000","0.2333"
"WEP","10 Sep 2018","45","99.90","99.64","0.15","-0.64","0.00","0.21","0.3016","0.0000","0.2333"
"WEP","10 Sep 2018","46","94.47","94.08","0.27","-0.63","0.00","0.21","0.3016","0.0000","0.2333"
"WEP","10 Sep 2018","47","94.47","94.08","0.28","-0.63","0.00","0.21","0.3016","0.0000","0.2333"
"WEP","10 Sep 2018","48","93.93","93.32","0.30","-0.44","0.00","0.21","0.3016","0.0000","0.2333"
"WEP","11 Sep 2018","1","98.51","97.92","0.26","-0.42","0.00","0.21","0.3016","0.0000","0.2353"
"WEP","11 Sep 2018","2","95.82","95.35","0.12","-0.39","0.00","0.21","0.3016","0.0000","0.2353"
"WEP","11 Sep 2018","3","95.48","94.81","0.03","-0.11","0.00","0.21","0.3016","0.0000","0.2353"
"WEP","11 Sep 2018","4","98.58","97.86","0.03","-0.05","0.00","0.21","0.3016","0.0000","0.2353"
"WEP","11 Sep 2018","5","96.16","95.78","0.04","-0.41","0.00","0.21","0.3016","0.0000","0.2353"
"WEP","11 Sep 2018","6","94.54","94.12","0.04","-0.37","0.00","0.21","0.3016","0.0000","0.2353"
"WEP","11 Sep 2018","7","94.60","94.11","0.02","-0.28","0.00","0.21","0.3016","0.0000","0.2353"
"WEP","11 Sep 2018","8","93.70","93.23","0.03","-0.31","0.00","0.21","0.3016","0.0000","0.2353"
"WEP","11 Sep 2018","9","91.82","91.09","0.03","-0.05","0.00","0.21","0.3016","0.0000","0.2353"
"WEP","11 Sep 2018","10","92.27","91.69","0.03","-0.19","0.00","0.21","0.3016","0.0000","0.2353"
"WEP","11 Sep 2018","11","92.25","91.94","0.04","-0.47","0.00","0.21","0.3016","0.0000","0.2353"
"WEP","11 Sep 2018","12","96.25","95.77","0.27","-0.54","0.00","0.21","0.3016","0.0000","0.2353"
"WEP","11 Sep 2018","13","98.62","98.39","0.46","-0.98","0.00","0.21","0.3016","0.0000","0.2353"
"WEP","11 Sep 2018","14","95.74","95.39","0.47","-0.87","0.00","0.21","0.3016","0.0000","0.2353"
"WEP","11 Sep 2018","15","92.77","92.60","0.29","-0.87","0.00","0.21","0.3016","0.0000","0.2353"
"WEP","11 Sep 2018","16","96.97","96.75","0.31","-0.83","0.00","0.21","0.3016","0.0000","0.2353"
"WEP","11 Sep 2018","17","106.16","105.88","0.28","-0.75","0.00","0.21","0.3016","0.0000","0.2353"
"WEP","11 Sep 2018","18","105.14","104.52","0.27","-0.39","0.00","0.21","0.3016","0.0000","0.2353"
"WEP","11 Sep 2018","19","104.16","104.04","0.21","-0.83","0.00","0.21","0.3016","0.0000","0.2353"
"WEP","11 Sep 2018","20","107.38","107.05","0.19","-0.61","0.00","0.21","0.3016","0.0000","0.2353"
"WEP","11 Sep 2018","21","112.44","112.58","0.25","-1.13","0.00","0.21","0.3016","0.0000","0.2353"
"WEP","11 Sep 2018","22","113.29","112.85","0.24","-0.55","0.00","0.21","0.3016","0.0000","0.2353"
"WEP","11 Sep 2018","23","113.49","112.85","0.23","-0.34","0.00","0.21","0.3016","0.0000","0.2353"
"WEP","11 Sep 2018","24","107.72","107.77","0.17","-0.97","0.00","0.21","0.3016","0.0000","0.2353"
"WEP","11 Sep 2018","25","104.08","104.12","0.14","-0.93","0.00","0.21","0.3016","0.0000","0.2353"
"WEP","11 Sep 2018","26","106.73","106.14","0.17","-0.32","0.00","0.21","0.3016","0.0000","0.2353"
"WEP","11 Sep 2018","27","108.18","107.66","0.17","-0.39","0.00","0.21","0.3016","0.0000","0.2353"
"WEP","11 Sep 2018","28","107.95","107.83","0.17","-0.80","0.00","0.21","0.3016","0.0000","0.2353"
"WEP","11 Sep 2018","29","108.22","107.63","0.17","-0.33","0.00","0.21","0.3016","0.0000","0.2353"
"WEP","11 Sep 2018","30","105.10","104.43","0.14","-0.22","0.00","0.21","0.3016","0.0000","0.2353"
"WEP","11 Sep 2018","31","104.21","104.10","0.13","-0.76","0.00","0.21","0.3016","0.0000","0.2353"
"WEP","11 Sep 2018","32","103.73","104.10","0.13","-1.25","0.00","0.21","0.3016","0.0000","0.2353"
"WEP","11 Sep 2018","33","105.64","106.10","0.17","-1.38","0.00","0.21","0.3016","0.0000","0.2353"
"WEP","11 Sep 2018","34","105.68","106.11","0.18","-1.35","0.00","0.21","0.3016","0.0000","0.2353"
"WEP","11 Sep 2018","35","103.64","104.10","0.15","-1.36","0.00","0.21","0.3016","0.0000","0.2353"
"WEP","11 Sep 2018","36","99.24","99.81","0.21","-1.53","0.00","0.21","0.3016","0.0000","0.2353"
"WEP","11 Sep 2018","37","95.93","95.97","0.26","-1.05","0.00","0.21","0.3016","0.0000","0.2353"
"WEP","11 Sep 2018","38","100.44","100.59","0.26","-1.16","0.00","0.21","0.3016","0.0000","0.2353"
"WEP","11 Sep 2018","39","101.96","102.14","0.21","-1.14","0.00","0.21","0.3016","0.0000","0.2353"
"WEP","11 Sep 2018","40","102.47","102.89","0.17","-1.33","0.00","0.21","0.3016","0.0000","0.2353"
"WEP","11 Sep 2018","41","97.94","98.07","0.12","-0.99","0.00","0.21","0.3016","0.0000","0.2353"
"WEP","11 Sep 2018","42","107.96","108.59","0.24","-1.61","0.00","0.21","0.3016","0.0000","0.2353"
"WEP","11 Sep 2018","43","104.35","104.61","0.20","-1.20","0.00","0.21","0.3016","0.0000","0.2353"
"WEP","11 Sep 2018","44","100.03","100.22","0.15","-1.09","0.00","0.21","0.3016","0.0000","0.2353"
"WEP","11 Sep 2018","45","95.35","95.31","0.07","-0.78","0.00","0.21","0.3016","0.0000","0.2353"
"WEP","11 Sep 2018","46","94.58","94.37","0.07","-0.60","0.00","0.21","0.3016","0.0000","0.2353"
"WEP","11 Sep 2018","47","94.63","94.38","0.07","-0.56","0.00","0.21","0.3016","0.0000","0.2353"
"WEP","11 Sep 2018","48","91.57","91.28","0.04","-0.49","0.00","0.21","0.3016","0.0000","0.2353"
"WEP","12 Sep 2018","1","93.08","93.22","0.03","-0.92","0.00","0.21","0.3016","0.0000","0.2333"
"WEP","12 Sep 2018","2","91.23","90.74","0.02","-0.27","0.00","0.21","0.3016","0.0000","0.2333"
"WEP","12 Sep 2018","3","91.58","91.25","0.02","-0.43","0.00","0.21","0.3016","0.0000","0.2333"
"WEP","12 Sep 2018","4","96.01","95.67","0.02","-0.43","0.00","0.21","0.3016","0.0000","0.2333"
"WEP","12 Sep 2018","5","95.15","94.64","0.02","-0.25","0.00","0.21","0.3016","0.0000","0.2333"
"WEP","12 Sep 2018","6","94.07","93.60","0.02","-0.29","0.00","0.21","0.3016","0.0000","0.2333"
"WEP","12 Sep 2018","7","92.69","92.07","0.00","-0.12","0.00","0.21","0.3016","0.0000","0.2333"
"WEP","12 Sep 2018","8","91.50","91.10","0.00","-0.35","0.00","0.21","0.3016","0.0000","0.2333"
"WEP","12 Sep 2018","9","91.87","91.21","0.00","-0.08","0.00","0.21","0.3016","0.0000","0.2333"
"WEP","12 Sep 2018","10","92.85","92.12","0.00","-0.01","0.00","0.21","0.3016","0.0000","0.2333"
"WEP","12 Sep 2018","11","92.63","92.01","0.02","-0.14","0.00","0.21","0.3016","0.0000","0.2333"
"WEP","12 Sep 2018","12","96.54","95.74","0.03","0.02","0.00","0.21","0.3016","0.0000","0.2333"
"WEP","12 Sep 2018","13","101.28","100.81","0.03","-0.30","0.00","0.21","0.3016","0.0000","0.2333"
"WEP","12 Sep 2018","14","98.96","98.77","0.06","-0.61","0.00","0.21","0.3016","0.0000","0.2333"
"WEP","12 Sep 2018","15","92.42","92.56","0.17","-1.05","0.00","0.21","0.3016","0.0000","0.2333"
"WEP","12 Sep 2018","16","96.30","95.85","0.17","-0.46","0.00","0.21","0.3016","0.0000","0.2333"
"WEP","12 Sep 2018","17","104.32","104.21","0.19","-0.82","0.00","0.21","0.3016","0.0000","0.2333"
"WEP","12 Sep 2018","18","104.58","103.41","0.75","-0.33","0.00","0.21","0.3016","0.0000","0.2333"
"WEP","12 Sep 2018","19","103.96","103.39","0.15","-0.33","0.00","0.21","0.3016","0.0000","0.2333"
"WEP","12 Sep 2018","20","103.99","103.46","0.14","-0.36","0.00","0.21","0.3016","0.0000","0.2333"
"WEP","12 Sep 2018","21","105.83","105.52","0.16","-0.59","0.00","0.21","0.3016","0.0000","0.2333"
"WEP","12 Sep 2018","22","108.30","108.04","0.18","-0.66","0.00","0.21","0.3016","0.0000","0.2333"
"WEP","12 Sep 2018","23","108.42","108.01","0.17","-0.51","0.00","0.21","0.3016","0.0000","0.2333"
"WEP","12 Sep 2018","24","103.66","103.37","0.12","-0.58","0.00","0.21","0.3016","0.0000","0.2333"
"WEP","12 Sep 2018","25","103.73","103.27","0.12","-0.41","0.00","0.21","0.3016","0.0000","0.2333"
"WEP","12 Sep 2018","26","103.81","103.37","0.12","-0.43","0.00","0.21","0.3016","0.0000","0.2333"
"WEP","12 Sep 2018","27","104.45","104.27","0.12","-0.69","0.00","0.21","0.3016","0.0000","0.2333"
"WEP","12 Sep 2018","28","105.54","105.46","0.14","-0.81","0.00","0.21","0.3016","0.0000","0.2333"
"WEP","12 Sep 2018","29","103.89","104.27","0.14","-1.26","0.00","0.21","0.3016","0.0000","0.2333"
"WEP","12 Sep 2018","30","103.67","104.27","0.13","-1.47","0.00","0.21","0.3016","0.0000","0.2333"
"WEP","12 Sep 2018","31","103.64","104.54","0.14","-1.78","0.00","0.21","0.3016","0.0000","0.2333"
"WEP","12 Sep 2018","32","104.84","105.46","0.14","-1.50","0.00","0.21","0.3016","0.0000","0.2333"
"WEP","12 Sep 2018","33","107.12","108.04","0.17","-1.84","0.00","0.21","0.3016","0.0000","0.2333"
"WEP","12 Sep 2018","34","103.58","104.54","0.15","-1.86","0.00","0.21","0.3016","0.0000","0.2333"
"WEP","12 Sep 2018","35","102.55","103.45","0.14","-1.78","0.00","0.21","0.3016","0.0000","0.2333"
"WEP","12 Sep 2018","36","99.71","100.66","0.12","-1.81","0.00","0.21","0.3016","0.0000","0.2333"
"WEP","12 Sep 2018","37","99.62","100.13","0.13","-1.38","0.00","0.21","0.3016","0.0000","0.2333"
"WEP","12 Sep 2018","38","101.72","102.25","0.13","-1.40","0.00","0.21","0.3016","0.0000","0.2333"
"WEP","12 Sep 2018","39","103.00","103.39","0.15","-1.28","0.00","0.21","0.3016","0.0000","0.2333"
"WEP","12 Sep 2018","40","102.90","103.40","0.14","-1.38","0.00","0.21","0.3016","0.0000","0.2333"
"WEP","12 Sep 2018","41","102.44","102.97","0.14","-1.41","0.00","0.21","0.3016","0.0000","0.2333"
"WEP","12 Sep 2018","42","106.79","107.75","0.25","-1.95","0.00","0.21","0.3016","0.0000","0.2333"
"WEP","12 Sep 2018","43","104.78","105.47","0.23","-1.66","0.00","0.21","0.3016","0.0000","0.2333"
"WEP","12 Sep 2018","44","102.37","102.93","0.16","-1.46","0.00","0.21","0.3016","0.0000","0.2333"
"WEP","12 Sep 2018","45","95.84","95.96","0.07","-0.93","0.00","0.21","0.3016","0.0000","0.2333"
"WEP","12 Sep 2018","46","95.65","95.99","0.08","-1.16","0.00","0.21","0.3016","0.0000","0.2333"
"WEP","12 Sep 2018","47","97.36","97.38","0.10","-0.87","0.00","0.21","0.3016","0.0000","0.2333"
"WEP","12 Sep 2018","48","93.92","93.90","0.04","-0.76","0.00","0.21","0.3016","0.0000","0.2333"
"WEP","13 Sep 2018","1","100.25","99.71","0.03","-0.23","0.00","0.21","0.3016","0.0000","0.2318"
"WEP","13 Sep 2018","2","96.31","95.74","0.02","-0.20","0.00","0.21","0.3016","0.0000","0.2318"
"WEP","13 Sep 2018","3","96.68","95.72","0.12","0.10","0.00","0.21","0.3016","0.0000","0.2318"
"WEP","13 Sep 2018","4","101.20","100.16","0.12","0.17","0.00","0.21","0.3016","0.0000","0.2318"
"WEP","13 Sep 2018","5","100.62","99.62","0.17","0.09","0.00","0.21","0.3016","0.0000","0.2318"
"WEP","13 Sep 2018","6","95.36","94.28","0.12","0.22","0.00","0.21","0.3016","0.0000","0.2318"
"WEP","13 Sep 2018","7","94.38","93.29","0.03","0.32","0.00","0.21","0.3016","0.0000","0.2318"
"WEP","13 Sep 2018","8","92.35","91.24","0.03","0.34","0.00","0.21","0.3016","0.0000","0.2318"
"WEP","13 Sep 2018","9","92.35","91.24","0.03","0.33","0.00","0.21","0.3016","0.0000","0.2318"
"WEP","13 Sep 2018","10","92.33","91.24","0.03","0.32","0.00","0.21","0.3016","0.0000","0.2318"
"WEP","13 Sep 2018","11","92.20","91.25","0.12","0.08","0.00","0.21","0.3016","0.0000","0.2318"
"WEP","13 Sep 2018","12","96.85","95.77","0.32","0.02","0.00","0.21","0.3016","0.0000","0.2318"
"WEP","13 Sep 2018","13","101.17","100.34","0.45","-0.37","0.00","0.21","0.3016","0.0000","0.2318"
"WEP","13 Sep 2018","14","96.93","95.86","0.45","-0.12","0.00","0.21","0.3016","0.0000","0.2318"
"WEP","13 Sep 2018","15","93.89","93.20","0.29","-0.34","0.00","0.21","0.3016","0.0000","0.2318"
"WEP","13 Sep 2018","16","102.32","101.56","0.31","-0.30","0.00","0.21","0.3016","0.0000","0.2318"
"WEP","13 Sep 2018","17","108.14","107.67","0.29","-0.56","0.00","0.21","0.3016","0.0000","0.2318"
"WEP","13 Sep 2018","18","107.81","107.34","0.30","-0.58","0.00","0.21","0.3016","0.0000","0.2318"
"WEP","13 Sep 2018","19","112.76","112.78","0.36","-1.12","0.00","0.21","0.3016","0.0000","0.2318"
"WEP","13 Sep 2018","20","110.20","110.42","0.23","-1.19","0.00","0.21","0.3016","0.0000","0.2318"
"WEP","13 Sep 2018","21","114.54","114.76","0.26","-1.23","0.00","0.21","0.3016","0.0000","0.2318"
"WEP","13 Sep 2018","22","117.20","117.69","0.23","-1.47","0.00","0.21","0.3016","0.0000","0.2318"
"WEP","13 Sep 2018","23","114.31","114.75","0.23","-1.42","0.00","0.21","0.3016","0.0000","0.2318"
"WEP","13 Sep 2018","24","110.59","111.06","0.20","-1.41","0.00","0.21","0.3016","0.0000","0.2318"
"WEP","13 Sep 2018","25","108.43","108.71","0.17","-1.20","0.00","0.21","0.3016","0.0000","0.2318"
"WEP","13 Sep 2018","26","108.18","108.53","0.16","-1.25","0.00","0.21","0.3016","0.0000","0.2318"
"WEP","13 Sep 2018","27","111.03","111.53","0.20","-1.45","0.00","0.21","0.3016","0.0000","0.2318"
"WEP","13 Sep 2018","28","111.04","111.53","0.20","-1.43","0.00","0.21","0.3016","0.0000","0.2318"
"WEP","13 Sep 2018","29","111.25","111.49","0.20","-1.19","0.00","0.21","0.3016","0.0000","0.2318"
"WEP","13 Sep 2018","30","109.42","109.31","0.17","-0.81","0.00","0.21","0.3016","0.0000","0.2318"
"WEP","13 Sep 2018","31","108.24","108.72","0.16","-1.38","0.00","0.21","0.3016","0.0000","0.2318"
"WEP","13 Sep 2018","32","108.21","108.64","0.16","-1.33","0.00","0.21","0.3016","0.0000","0.2318"
"WEP","13 Sep 2018","33","108.26","108.64","0.17","-1.29","0.00","0.21","0.3016","0.0000","0.2318"
"WEP","13 Sep 2018","34","105.16","105.52","0.15","-1.25","0.00","0.21","0.3016","0.0000","0.2318"
"WEP","13 Sep 2018","35","102.88","103.43","0.14","-1.43","0.00","0.21","0.3016","0.0000","0.2318"
"WEP","13 Sep 2018","36","101.57","102.00","0.25","-1.42","0.00","0.21","0.3016","0.0000","0.2318"
"WEP","13 Sep 2018","37","95.94","96.09","0.21","-1.10","0.00","0.21","0.3016","0.0000","0.2318"
"WEP","13 Sep 2018","38","97.45","97.66","0.21","-1.17","0.00","0.21","0.3016","0.0000","0.2318"
"WEP","13 Sep 2018","39","99.66","99.78","0.21","-1.07","0.00","0.21","0.3016","0.0000","0.2318"
"WEP","13 Sep 2018","40","100.56","100.74","0.38","-1.30","0.00","0.21","0.3016","0.0000","0.2318"
"WEP","13 Sep 2018","41","99.61","99.82","0.36","-1.32","0.00","0.21","0.3016","0.0000","0.2318"
"WEP","13 Sep 2018","42","108.10","108.47","0.47","-1.58","0.00","0.21","0.3016","0.0000","0.2318"
"WEP","13 Sep 2018","43","104.54","104.39","0.58","-1.17","0.00","0.21","0.3016","0.0000","0.2318"
"WEP","13 Sep 2018","44","100.53","100.42","0.39","-1.03","0.00","0.21","0.3016","0.0000","0.2318"
"WEP","13 Sep 2018","45","96.27","95.63","0.50","-0.60","0.00","0.21","0.3016","0.0000","0.2318"
"WEP","13 Sep 2018","46","96.13","95.55","0.32","-0.49","0.00","0.21","0.3016","0.0000","0.2318"
"WEP","13 Sep 2018","47","96.86","96.04","0.32","-0.25","0.00","0.21","0.3016","0.0000","0.2318"
"WEP","13 Sep 2018","48","94.10","93.40","0.29","-0.34","0.00","0.21","0.3016","0.0000","0.2318"
"WEP","14 Sep 2018","1","100.08","99.65","0.23","-0.54","0.00","0.21","0.3016","0.0000","0.2279"
"WEP","14 Sep 2018","2","96.13","95.81","0.03","-0.45","0.00","0.21","0.3016","0.0000","0.2279"
"WEP","14 Sep 2018","3","96.37","95.79","0.03","-0.19","0.00","0.21","0.3016","0.0000","0.2279"
"WEP","14 Sep 2018","4","100.12","99.68","0.02","-0.32","0.00","0.21","0.3016","0.0000","0.2279"
"WEP","14 Sep 2018","5","99.71","99.24","0.04","-0.31","0.00","0.21","0.3016","0.0000","0.2279"
"WEP","14 Sep 2018","6","96.17","95.79","0.03","-0.39","0.00","0.21","0.3016","0.0000","0.2279"
"WEP","14 Sep 2018","7","96.01","95.64","0.02","-0.38","0.00","0.21","0.3016","0.0000","0.2279"
"WEP","14 Sep 2018","8","93.25","93.16","0.02","-0.67","0.00","0.21","0.3016","0.0000","0.2279"
"WEP","14 Sep 2018","9","93.02","93.16","0.02","-0.90","0.00","0.21","0.3016","0.0000","0.2279"
"WEP","14 Sep 2018","10","94.60","94.17","0.02","-0.33","0.00","0.21","0.3016","0.0000","0.2279"
"WEP","14 Sep 2018","11","95.03","94.71","0.03","-0.45","0.00","0.21","0.3016","0.0000","0.2279"
"WEP","14 Sep 2018","12","98.32","97.77","0.24","-0.43","0.00","0.21","0.3016","0.0000","0.2279"
"WEP","14 Sep 2018","13","103.03","102.66","0.36","-0.73","0.00","0.21","0.3016","0.0000","0.2279"
"WEP","14 Sep 2018","14","101.23","101.01","0.35","-0.87","0.00","0.21","0.3016","0.0000","0.2279"
"WEP","14 Sep 2018","15","93.56","92.88","0.83","-0.89","0.00","0.21","0.3016","0.0000","0.2279"
"WEP","14 Sep 2018","16","102.70","102.65","0.17","-0.86","0.00","0.21","0.3016","0.0000","0.2279"
"WEP","14 Sep 2018","17","104.42","104.47","0.19","-0.98","0.00","0.21","0.3016","0.0000","0.2279"
"WEP","14 Sep 2018","18","104.31","104.06","0.23","-0.72","0.00","0.21","0.3016","0.0000","0.2279"
"WEP","14 Sep 2018","19","103.47","103.67","0.16","-1.10","0.00","0.21","0.3016","0.0000","0.2279"
"WEP","14 Sep 2018","20","107.62","107.82","0.19","-1.12","0.00","0.21","0.3016","0.0000","0.2279"
"WEP","14 Sep 2018","21","114.47","114.58","0.28","-1.12","0.00","0.21","0.3016","0.0000","0.2279"
"WEP","14 Sep 2018","22","114.24","114.60","0.27","-1.37","0.00","0.21","0.3016","0.0000","0.2279"
"WEP","14 Sep 2018","23","114.58","114.78","0.27","-1.21","0.00","0.21","0.3016","0.0000","0.2279"
"WEP","14 Sep 2018","24","110.75","111.05","0.21","-1.25","0.00","0.21","0.3016","0.0000","0.2279"
"WEP","14 Sep 2018","25","105.71","106.05","0.15","-1.23","0.00","0.21","0.3016","0.0000","0.2279"
"WEP","14 Sep 2018","26","107.77","108.16","0.17","-1.30","0.00","0.21","0.3016","0.0000","0.2279"
"WEP","14 Sep 2018","27","112.41","112.93","0.24","-1.50","0.00","0.21","0.3016","0.0000","0.2279"
"WEP","14 Sep 2018","28","113.82","114.47","0.26","-1.65","0.00","0.21","0.3016","0.0000","0.2279"
"WEP","14 Sep 2018","29","114.08","114.47","0.26","-1.39","0.00","0.21","0.3016","0.0000","0.2279"
"WEP","14 Sep 2018","30","113.96","114.46","0.25","-1.49","0.00","0.21","0.3016","0.0000","0.2279"
"WEP","14 Sep 2018","31","113.40","113.95","0.24","-1.53","0.00","0.21","0.3016","0.0000","0.2279"
"WEP","14 Sep 2018","32","113.39","113.95","0.24","-1.54","0.00","0.21","0.3016","0.0000","0.2279"
"WEP","14 Sep 2018","33","112.24","112.89","0.22","-1.61","0.00","0.21","0.3016","0.0000","0.2279"
"WEP","14 Sep 2018","34","109.13","109.99","0.21","-1.81","0.00","0.21","0.3016","0.0000","0.2279"
"WEP","14 Sep 2018","35","105.26","105.98","0.16","-1.61","0.00","0.21","0.3016","0.0000","0.2279"
"WEP","14 Sep 2018","36","102.72","103.55","0.17","-1.74","0.00","0.21","0.3016","0.0000","0.2279"
"WEP","14 Sep 2018","37","100.78","101.12","0.14","-1.22","0.00","0.21","0.3016","0.0000","0.2279"
"WEP","14 Sep 2018","38","101.25","101.52","0.13","-1.14","0.00","0.21","0.3016","0.0000","0.2279"
"WEP","14 Sep 2018","39","101.61","102.05","0.13","-1.31","0.00","0.21","0.3016","0.0000","0.2279"
"WEP","14 Sep 2018","40","103.12","103.49","0.16","-1.27","0.00","0.21","0.3016","0.0000","0.2279"
"WEP","14 Sep 2018","41","101.31","101.75","0.31","-1.48","0.00","0.21","0.3016","0.0000","0.2279"
"WEP","14 Sep 2018","42","110.11","110.84","0.30","-1.77","0.00","0.21","0.3016","0.0000","0.2279"
"WEP","14 Sep 2018","43","103.49","103.97","0.17","-1.39","0.00","0.21","0.3016","0.0000","0.2279"
"WEP","14 Sep 2018","44","102.17","102.59","0.17","-1.33","0.00","0.21","0.3016","0.0000","0.2279"
"WEP","14 Sep 2018","45","98.12","98.32","0.12","-1.06","0.00","0.21","0.3016","0.0000","0.2279"
"WEP","14 Sep 2018","46","118.97","118.56","1.17","-1.50","0.00","0.21","0.3016","0.0000","0.2279"
"WEP","14 Sep 2018","47","129.44","128.83","1.05","-1.18","0.00","0.21","0.3016","0.0000","0.2279"
"WEP","14 Sep 2018","48","121.89","121.66","0.65","-1.16","0.00","0.21","0.3016","0.0000","0.2279"
"WEP","15 Sep 2018","1","124.90","124.80","0.27","-0.93","0.00","0.21","0.3016","0.0000","0.2438"
"WEP","15 Sep 2018","2","121.85","121.60","0.19","-0.70","0.00","0.21","0.3016","0.0000","0.2438"
"WEP","15 Sep 2018","3","121.18","120.83","0.06","-0.47","0.00","0.21","0.3016","0.0000","0.2438"
"WEP","15 Sep 2018","4","119.15","118.46","0.11","-0.18","0.00","0.21","0.3016","0.0000","0.2438"
"WEP","15 Sep 2018","5","116.38","115.87","0.23","-0.47","0.00","0.21","0.3016","0.0000","0.2438"
"WEP","15 Sep 2018","6","115.41","114.98","0.11","-0.44","0.00","0.21","0.3016","0.0000","0.2438"
"WEP","15 Sep 2018","7","112.63","112.30","0.11","-0.53","0.00","0.21","0.3016","0.0000","0.2438"
"WEP","15 Sep 2018","8","111.89","111.41","0.05","-0.33","0.00","0.21","0.3016","0.0000","0.2438"
"WEP","15 Sep 2018","9","111.53","110.83","0.11","-0.17","0.00","0.21","0.3016","0.0000","0.2438"
"WEP","15 Sep 2018","10","111.34","110.82","0.11","-0.35","0.00","0.21","0.3016","0.0000","0.2438"
"WEP","15 Sep 2018","11","111.28","110.84","0.04","-0.35","0.00","0.21","0.3016","0.0000","0.2438"
"WEP","15 Sep 2018","12","111.97","111.33","0.27","-0.38","0.00","0.21","0.3016","0.0000","0.2438"
"WEP","15 Sep 2018","13","115.46","114.97","0.42","-0.69","0.00","0.21","0.3016","0.0000","0.2438"
"WEP","15 Sep 2018","14","114.93","114.42","0.43","-0.67","0.00","0.21","0.3016","0.0000","0.2438"
"WEP","15 Sep 2018","15","113.79","111.00","2.65","-0.61","0.00","0.21","0.3016","0.0000","0.2438"
"WEP","15 Sep 2018","16","121.88","118.52","3.05","-0.45","0.00","0.21","0.3016","0.0000","0.2438"
"WEP","15 Sep 2018","17","129.16","126.06","3.15","-0.81","0.00","0.21","0.3016","0.0000","0.2438"
"WEP","15 Sep 2018","18","150.03","146.93","3.63","-1.28","0.00","0.21","0.3016","0.0000","0.2438"
"WEP","15 Sep 2018","19","204.84","202.00","3.40","-1.32","0.00","0.21","0.3016","0.0000","0.2438"
"WEP","15 Sep 2018","20","213.98","212.11","2.36","-1.25","0.00","0.21","0.3016","0.0000","0.2438"
"WEP","15 Sep 2018","21","290.25","288.28","3.69","-2.48","0.00","0.21","0.3016","0.0000","0.2438"
"WEP","15 Sep 2018","22","203.36","202.08","1.90","-1.37","0.00","0.21","0.3016","0.0000","0.2438"
"WEP","15 Sep 2018","23","202.87","202.07","1.88","-1.84","0.00","0.21","0.3016","0.0000","0.2438"
"WEP","15 Sep 2018","24","284.32","283.38","3.29","-3.11","0.00","0.21","0.3016","0.0000","0.2438"
"WEP","15 Sep 2018","25","152.64","151.51","1.61","-1.23","0.00","0.21","0.3016","0.0000","0.2438"
"WEP","15 Sep 2018","26","142.32","141.36","1.17","-0.96","0.00","0.21","0.3016","0.0000","0.2438"
"WEP","15 Sep 2018","27","132.96","131.96","1.14","-0.89","0.00","0.21","0.3016","0.0000","0.2438"
"WEP","15 Sep 2018","28","130.18","128.94","1.15","-0.66","0.00","0.21","0.3016","0.0000","0.2438"
"WEP","15 Sep 2018","29","130.09","128.94","0.97","-0.58","0.00","0.21","0.3016","0.0000","0.2438"
"WEP","15 Sep 2018","30","125.36","124.88","0.89","-1.16","0.00","0.21","0.3016","0.0000","0.2438"
"WEP","15 Sep 2018","31","125.67","124.86","0.89","-0.84","0.00","0.21","0.3016","0.0000","0.2438"
"WEP","15 Sep 2018","32","118.89","118.56","0.41","-0.83","0.00","0.21","0.3016","0.0000","0.2438"
"WEP","15 Sep 2018","33","117.06","116.53","0.51","-0.74","0.00","0.21","0.3016","0.0000","0.2438"
"WEP","15 Sep 2018","34","115.02","114.48","0.78","-1.00","0.00","0.21","0.3016","0.0000","0.2438"
"WEP","15 Sep 2018","35","112.39","111.52","1.00","-0.88","0.00","0.21","0.3016","0.0000","0.2438"
"WEP","15 Sep 2018","36","113.08","110.98","1.92","-0.58","0.00","0.21","0.3016","0.0000","0.2438"
"WEP","15 Sep 2018","37","115.58","114.49","1.44","-1.10","0.00","0.21","0.3016","0.0000","0.2438"
"WEP","15 Sep 2018","38","117.89","116.56","1.46","-0.88","0.00","0.21","0.3016","0.0000","0.2438"
"WEP","15 Sep 2018","39","121.20","119.96","1.44","-0.95","0.00","0.21","0.3016","0.0000","0.2438"
"WEP","15 Sep 2018","40","122.19","121.70","0.92","-1.19","0.00","0.21","0.3016","0.0000","0.2438"
"WEP","15 Sep 2018","41","122.10","121.71","0.91","-1.28","0.00","0.21","0.3016","0.0000","0.2438"
"WEP","15 Sep 2018","42","124.75","124.02","0.89","-0.92","0.00","0.21","0.3016","0.0000","0.2438"
"WEP","15 Sep 2018","43","125.05","124.73","0.79","-1.22","0.00","0.21","0.3016","0.0000","0.2438"
"WEP","15 Sep 2018","44","146.34","145.76","1.24","-1.42","0.00","0.21","0.3016","0.0000","0.2438"
"WEP","15 Sep 2018","45","133.29","131.26","2.20","-0.93","0.00","0.21","0.3016","0.0000","0.2438"
"WEP","15 Sep 2018","46","125.77","124.74","0.83","-0.56","0.00","0.21","0.3016","0.0000","0.2438"
"WEP","15 Sep 2018","47","117.31","116.51","0.78","-0.73","0.00","0.21","0.3016","0.0000","0.2438"
"WEP","15 Sep 2018","48","125.23","124.80","0.71","-1.04","0.00","0.21","0.3016","0.0000","0.2438"
"WEP","16 Sep 2018","1","125.33","124.62","0.47","-0.53","0.00","0.21","0.3016","0.0000","0.2550"
"WEP","16 Sep 2018","2","121.75","121.09","0.34","-0.45","0.00","0.21","0.3016","0.0000","0.2550"
"WEP","16 Sep 2018","3","119.18","118.48","0.27","-0.34","0.00","0.21","0.3016","0.0000","0.2550"
"WEP","16 Sep 2018","4","116.79","115.99","0.26","-0.23","0.00","0.21","0.3016","0.0000","0.2550"
"WEP","16 Sep 2018","5","115.33","114.39","0.35","-0.18","0.00","0.21","0.3016","0.0000","0.2550"
"WEP","16 Sep 2018","6","112.34","111.77","0.23","-0.43","0.00","0.21","0.3016","0.0000","0.2550"
"WEP","16 Sep 2018","7","110.88","109.99","0.34","-0.22","0.00","0.21","0.3016","0.0000","0.2550"
"WEP","16 Sep 2018","8","109.69","108.84","0.34","-0.26","0.00","0.21","0.3016","0.0000","0.2550"
"WEP","16 Sep 2018","9","107.44","106.78","0.34","-0.45","0.00","0.21","0.3016","0.0000","0.2550"
"WEP","16 Sep 2018","10","106.66","105.99","0.23","-0.32","0.00","0.21","0.3016","0.0000","0.2550"
"WEP","16 Sep 2018","11","107.52","106.77","0.35","-0.36","0.00","0.21","0.3016","0.0000","0.2550"
"WEP","16 Sep 2018","12","109.29","108.29","0.73","-0.49","0.00","0.21","0.3016","0.0000","0.2550"
"WEP","16 Sep 2018","13","111.80","110.04","1.57","-0.58","0.00","0.21","0.3016","0.0000","0.2550"
"WEP","16 Sep 2018","14","111.64","110.06","1.75","-0.93","0.00","0.21","0.3016","0.0000","0.2550"
"WEP","16 Sep 2018","15","111.79","108.77","2.86","-0.61","0.00","0.21","0.3016","0.0000","0.2550"
"WEP","16 Sep 2018","16","117.46","114.39","3.06","-0.76","0.00","0.21","0.3016","0.0000","0.2550"
"WEP","16 Sep 2018","17","119.61","116.43","3.38","-0.97","0.00","0.21","0.3016","0.0000","0.2550"
"WEP","16 Sep 2018","18","126.26","121.64","4.69","-0.83","0.00","0.21","0.3016","0.0000","0.2550"
"WEP","16 Sep 2018","19","127.36","124.00","3.44","-0.84","0.00","0.21","0.3016","0.0000","0.2550"
"WEP","16 Sep 2018","20","127.10","124.60","2.85","-1.12","0.00","0.21","0.3016","0.0000","0.2550"
"WEP","16 Sep 2018","21","127.46","125.14","2.29","-0.74","0.00","0.21","0.3016","0.0000","0.2550"
"WEP","16 Sep 2018","22","126.81","125.14","1.77","-0.86","0.00","0.21","0.3016","0.0000","0.2550"
"WEP","16 Sep 2018","23","126.53","125.11","1.39","-0.74","0.00","0.21","0.3016","0.0000","0.2550"
"WEP","16 Sep 2018","24","126.00","124.74","1.00","-0.51","0.00","0.21","0.3016","0.0000","0.2550"
"WEP","16 Sep 2018","25","125.64","124.58","1.01","-0.72","0.00","0.21","0.3016","0.0000","0.2550"
"WEP","16 Sep 2018","26","125.26","124.11","0.99","-0.61","0.00","0.21","0.3016","0.0000","0.2550"
"WEP","16 Sep 2018","27","125.85","124.71","0.97","-0.60","0.00","0.21","0.3016","0.0000","0.2550"
"WEP","16 Sep 2018","28","125.75","124.71","1.02","-0.75","0.00","0.21","0.3016","0.0000","0.2550"
"WEP","16 Sep 2018","29","125.56","124.71","0.99","-0.91","0.00","0.21","0.3016","0.0000","0.2550"
"WEP","16 Sep 2018","30","125.29","124.56","0.98","-1.02","0.00","0.21","0.3016","0.0000","0.2550"
"WEP","16 Sep 2018","31","125.68","124.71","0.97","-0.77","0.00","0.21","0.3016","0.0000","0.2550"
"WEP","16 Sep 2018","32","125.66","124.71","0.98","-0.80","0.00","0.21","0.3016","0.0000","0.2550"
"WEP","16 Sep 2018","33","125.21","124.10","1.02","-0.68","0.00","0.21","0.3016","0.0000","0.2550"
"WEP","16 Sep 2018","34","122.82","121.67","1.03","-0.65","0.00","0.21","0.3016","0.0000","0.2550"
"WEP","16 Sep 2018","35","123.34","121.56","1.65","-0.64","0.00","0.21","0.3016","0.0000","0.2550"
"WEP","16 Sep 2018","36","120.80","118.49","2.36","-0.81","0.00","0.21","0.3016","0.0000","0.2550"
"WEP","16 Sep 2018","37","118.05","116.50","1.86","-1.08","0.00","0.21","0.3016","0.0000","0.2550"
"WEP","16 Sep 2018","38","125.55","124.14","1.99","-1.35","0.00","0.21","0.3016","0.0000","0.2550"
"WEP","16 Sep 2018","39","127.43","124.84","2.85","-1.03","0.00","0.21","0.3016","0.0000","0.2550"
"WEP","16 Sep 2018","40","126.37","125.23","1.58","-1.21","0.00","0.21","0.3016","0.0000","0.2550"
"WEP","16 Sep 2018","41","126.22","125.24","1.10","-0.88","0.00","0.21","0.3016","0.0000","0.2550"
"WEP","16 Sep 2018","42","126.51","125.24","1.52","-1.01","0.00","0.21","0.3016","0.0000","0.2550"
"WEP","16 Sep 2018","43","126.46","125.23","1.47","-1.01","0.00","0.21","0.3016","0.0000","0.2550"
"WEP","16 Sep 2018","44","125.68","124.88","1.04","-1.00","0.00","0.21","0.3016","0.0000","0.2550"
"WEP","16 Sep 2018","45","125.34","124.14","1.48","-1.05","0.00","0.21","0.3016","0.0000","0.2550"
"WEP","16 Sep 2018","46","126.36","125.14","1.39","-0.93","0.00","0.21","0.3016","0.0000","0.2550"
"WEP","16 Sep 2018","47","126.01","125.02","0.82","-0.60","0.00","0.21","0.3016","0.0000","0.2550"
"WEP","16 Sep 2018","48","126.11","125.13","0.80","-0.58","0.00","0.21","0.3016","0.0000","0.2550"
